{
    "hyperparameters": {
        "model_type": "gru",
        "dropout_rate": 0.3,
        "learning_rate": 0.001,
        "complexity": "low"
    },
    "test_metrics": {
        "mse": 18.014951544218704,
        "rmse": 4.24440237774633,
        "mae": 4.207594026416477,
        "r2": -61.32805965336055,
        "directional_accuracy": 1.0,
        "feature_importance": [
            0.022669031649822813,
            0.006126894592924259,
            0.002133922177304015,
            0.00041119761368335617,
            -0.009316029902493028,
            0.07696098325780198,
            0.0,
            0.042622874175961556,
            0.0,
            0.010331896616310843,
            0.006201955364712575,
            -0.0015125266476623267,
            0.0008223234454085571,
            0.0009261002451346201,
            0.0018142245047769734,
            0.0006702288364728304,
            -0.10356006604643753,
            -0.042414083116746326,
            -0.00021457840924554716,
            0.0018186082345401644,
            -0.04013502962694915,
            -0.01006341934415289,
            -0.0018221523115649063,
            0.005061517189787423,
            0.005623484543093582,
            0.0,
            0.00034300543066478895,
            -0.00013087229967467806,
            0.0,
            -0.004715847481101321,
            -0.0007809920279235882,
            -0.0006888800794691008,
            -0.004175295693318759,
            0.0,
            0.0,
            -0.00701605220288215,
            0.012875122176843945,
            -0.027237710009622162,
            -0.02372736051553659,
            -0.0018804940268069004,
            -0.011969715973169315,
            0.000514091715281495,
            0.0,
            0.0,
            0.0,
            0.0,
            0.06304236861428691,
            0.008125424632968503,
            0.001873214707341475,
            -0.0020701493361237056,
            0.00017353084315274714,
            0.01823279081017759,
            0.010483892561264696,
            0.00628772816673262,
            0.01857290807608436,
            -0.4203135450825357,
            0.0,
            0.0,
            0.025636623596771102,
            0.01818531732179096,
            -0.08980604765858757,
            0.02928394479106089,
            0.04585090394547464,
            -0.04645063106639569,
            -0.013224617277675321,
            0.03405351183972627,
            0.07726347291155733,
            -0.007993983330781163,
            -0.0025043202270893516,
            0.017745147708868814,
            -0.020357035677012192,
            0.5134656278421375,
            -0.035015282392901526,
            -0.00019086778840815555,
            -0.0018885271553052974,
            0.0,
            0.002997791883849743,
            0.0,
            0.0,
            0.0,
            0.0,
            0.0,
            0.09000626185585858,
            0.0022308065269633914,
            0.010150648089119585,
            0.02615139202811534,
            0.09254139112604065,
            0.09243441912566652,
            0.0014621405546542121,
            0.0031090779799107793,
            -0.0009923488209508946,
            0.0020299875198226403,
            -0.06855566597180385,
            -0.0035941819074771786,
            0.00027048425209486027,
            0.00039888918572472676,
            0.005968864820168562,
            0.0020165355402816942,
            0.0142545331496855,
            0.0,
            0.0,
            9.22632388267175e-05,
            -0.015527387419819405,
            9.246262523987525e-05,
            0.048574438510815554,
            0.007977235439309283,
            0.009451625895078308,
            0.0208418365568086,
            0.0069635209844385315,
            -0.0069117831924074835,
            0.05471905584669301,
            0.0022452679510927,
            0.0,
            0.0,
            0.001063064071576747,
            -0.0019539020467789214,
            -0.00025955725070048175,
            0.0,
            0.0,
            -0.03204922756546935,
            0.01743847021880285,
            0.0,
            0.4767190604095255,
            0.003075775805182701,
            -0.0010447211406621193,
            -0.0012062270805053288,
            0.016459176896361782,
            -0.01676098484271904,
            -0.0024040591442151538,
            0.022365210278898928,
            0.09043079114313812,
            0.0009260477080914598,
            0.011053183325163474,
            0.006430708788244033,
            -0.024371680971242426,
            3.2802845617319214,
            0.0,
            0.0,
            0.0,
            0.0,
            0.0,
            0.0,
            -0.03468715940568501,
            -0.01606168783094475,
            0.022925006992952746,
            0.0014658690160231913,
            -0.0008423435218247732,
            0.05937296665123171,
            0.0,
            0.0,
            -0.0003164488679168187,
            0.0,
            0.0,
            -0.015139379114739171,
            0.0,
            -0.00010647140935304833,
            -0.02170521391534308,
            0.026406459939767757,
            0.0016149126463922414,
            -0.0018461186675722274,
            -0.018257575460143727,
            -0.03839480296448272,
            0.3607526071054217,
            -0.5989600110540998,
            0.4142024635547301,
            -0.004219851076324943,
            0.0354820983822961,
            0.007158880830992587,
            0.12601345826240973,
            0.005533079653027073,
            0.000557597333987303,
            0.0017328988613805052,
            -0.0008958271395620443,
            0.004195658082579712,
            -0.010595822303002933,
            -0.006227444216126088,
            -0.026452684455403386,
            -0.005806397385637041,
            0.01849861631289329,
            0.024462134880263164,
            -0.0016150586210557094,
            0.021152889548055498,
            -0.007779193146543406,
            0.022579050666681866,
            0.26787421792106514,
            -0.0029702777466233954,
            0.002370750837528135,
            -0.011957804066366151,
            -0.006234226142623811,
            -0.0014123916855837138,
            -0.07943283277154478,
            -0.044796446730170913,
            0.0026813619876939754,
            0.024324538402392903,
            0.08988856908875675,
            0.0016135908452952208,
            -0.0012050450206650964,
            -0.0027093306670664674,
            0.006344076857061509,
            0.0821853187524546,
            -0.003987619039634183,
            -0.011140521039227025,
            -0.007878786837871132,
            0.014759019482148972,
            -0.006667861947743603,
            -0.009474439909102017,
            0.0021819740531299203,
            0.0025855443595901306,
            0.0030261507839846047,
            -0.048247963663389015,
            -0.0009852592634835844,
            -0.0525159499727792,
            -0.0005463285690261444,
            -0.005302238685818139,
            0.0008343858942545523,
            -0.0011651400677727963,
            -0.01481340603670489,
            0.01654741131217463,
            -0.03946002539775506
        ]
    },
    "feature_count": 219,
    "timestamp": "2025-03-20 13:11:24",
    "is_ensemble": false,
    "ensemble_size": 1,
    "model_type": "gru",
    "symbol": "XAUUSD",
    "lookback": 5
}