{
    "hyperparameters": {
        "model_type": "cnn_lstm",
        "dropout_rate": 0.4,
        "learning_rate": 0.001,
        "complexity": "high"
    },
    "test_metrics": {
        "mse": 4.447406423928498,
        "rmse": 2.1088874848906705,
        "mae": 2.0320316446720925,
        "r2": -14.387119538620786,
        "directional_accuracy": 1.0,
        "feature_importance": [
            0.0006632947723232974,
            0.0010813398175830713,
            0.0004903083625125149,
            9.877219070641985e-05,
            0.0005438619239441778,
            0.0005857895970571292,
            0.0,
            -3.949446127293754e-05,
            0.0,
            0.0004159385618907052,
            0.0006600405173093904,
            0.0016540837493774774,
            0.00020670915785903077,
            0.0005600125570266457,
            -0.0002955999476093041,
            9.976178711479378e-05,
            0.0006962233937573004,
            -0.0006626733337640189,
            -2.1803815801746396e-06,
            1.8638878990451246e-05,
            -0.0008218150307204297,
            0.0019197950077947112,
            -0.0011084877445801666,
            -0.00017486819323853098,
            0.0005905754976662791,
            0.0,
            -0.00044425362273337043,
            2.6020558625106105e-05,
            -9.519830417570319e-05,
            0.00010899495458094322,
            0.0004566182712189004,
            -0.0005989546684679325,
            2.8051493886849244e-05,
            0.0,
            0.0,
            -0.00015406362520131722,
            0.0005324905552299697,
            0.0002857339275310622,
            0.00048450717073578176,
            0.0006129901071059152,
            0.0001746670859859023,
            5.122459585216177e-05,
            0.0,
            0.0,
            0.0,
            0.0,
            -0.0005372869518236456,
            6.9967335461385e-05,
            -0.002730395113623274,
            -0.0036097212458852113,
            -0.0015146761263338249,
            -9.544168726804969e-05,
            -0.0016238484313948476,
            0.0036370478338305645,
            0.010245795912531719,
            0.0442508388517151,
            0.0,
            0.0,
            0.0022334203683049836,
            0.0009871720861482913,
            0.007101768438122491,
            0.0025166437606740644,
            0.00044103772600401214,
            0.0009084918627415561,
            4.764080866159759e-05,
            1.306162388203802e-05,
            0.0004582698987594114,
            0.001538187354925391,
            0.0031010813721952246,
            -6.883786444955575e-05,
            0.0012246368361097382,
            -0.007268211836617411,
            0.0032435072153580435,
            2.8410464201655827e-05,
            -7.737200422575086e-05,
            0.0,
            -0.0009527035323237953,
            0.0,
            0.0,
            0.0,
            0.0,
            0.0,
            0.002720948091083031,
            0.0008365759111921278,
            0.0010352799926014455,
            -0.002037317684921547,
            -0.002072670918707331,
            0.0003252470805987784,
            0.00039121792949803336,
            0.0003114345899275506,
            0.00012028893269011576,
            -0.00038626762575688645,
            4.7543646578773746e-05,
            -1.598289676252307e-05,
            4.243844371565331e-05,
            -2.92693179231307e-05,
            -7.000543312507546e-05,
            -0.00022901728481095063,
            -0.00010405502344390527,
            0.0,
            0.0,
            -0.0016150600566255946,
            -0.00095636768770202,
            0.0019566837460889275,
            0.001545813452826117,
            0.0013879263096008287,
            -0.0013340624879685237,
            -0.0003975596996061981,
            -0.002641389222762136,
            -0.0006961770627071928,
            0.0011050035516930734,
            0.001029639907608626,
            0.0,
            0.0,
            -0.00030237938871380265,
            -0.00028991215584994734,
            9.086572543282045e-05,
            0.0,
            0.0,
            0.0005695828906455702,
            -0.0010455759058967118,
            0.0,
            0.0545718860881923,
            0.0007769963059285345,
            0.0001618038361330676,
            0.00015785457993100493,
            -3.711505815662264e-05,
            -0.00028286373561581257,
            -0.003743763402851208,
            0.00028129921388853063,
            0.004859960700484223,
            -0.00016560401014764636,
            -6.592903367597103e-05,
            -0.001978422573380101,
            -0.014604442283807195,
            0.019232426584673057,
            0.0,
            0.0,
            0.0,
            0.0,
            0.0,
            0.0,
            0.006086643142229953,
            0.0006112646421332357,
            0.0006498342166194604,
            0.0002650022899812754,
            -2.100984860931021e-05,
            -0.0023023556810457535,
            0.0,
            0.0,
            0.00013237694872270112,
            0.0,
            0.0,
            0.0006216802119780596,
            0.0,
            0.001331096155087863,
            -0.0006905401194412519,
            0.00010445505211365003,
            0.001690420564571582,
            0.0021891390521560083,
            -0.002783902150099493,
            0.003902163848007234,
            0.0008862412646806206,
            -0.00258573349081459,
            0.006305308993646008,
            -0.00319879143964652,
            0.001474540793690693,
            -0.00046350854544296993,
            -0.0016204283791552143,
            -0.016216720544116825,
            -0.00015919903548322623,
            5.339547635596631e-05,
            3.351256795802726e-05,
            0.0007769267258694867,
            0.0006033691273579223,
            -0.0004650638083223413,
            0.002490353637911724,
            8.622988276840715e-05,
            -0.0019080769588981639,
            0.002424302469059114,
            0.0007432762992332087,
            -5.325676726375406e-05,
            0.001091389469957349,
            -0.0020814458550857395,
            -0.0023486732079218697,
            0.0008609909663555015,
            0.0006548615561934312,
            -0.00022262344061463324,
            -0.0042203968846470374,
            -0.005330725259304003,
            -0.00043357054894865854,
            0.002905638343357886,
            0.0021943307049747673,
            0.0009043741772281066,
            -0.0008240616308663462,
            0.0003096359997618592,
            -0.0003516130911549453,
            0.0011592441214860472,
            -0.00035131362162399427,
            -0.003932526068954445,
            1.1714996629663688e-05,
            0.0001283512390637398,
            2.862989436458463e-05,
            0.0005602726137379221,
            -0.0006690007001957099,
            -0.00028837196728215275,
            -0.0010514890285699963,
            0.0006290626276808098,
            0.0004574040668261503,
            -0.0010752945472134456,
            -0.0007002142955307988,
            0.0019048476253402669,
            0.0005014863381322954,
            0.001761881303190549,
            -0.00021556135376776808,
            0.0030344327953919503,
            -0.001432008256534445,
            -8.666543397861659e-05,
            -0.0018386153489489132
        ]
    },
    "feature_count": 219,
    "timestamp": "2025-03-20 03:41:52",
    "is_ensemble": false,
    "ensemble_size": 1,
    "model_type": "cnn_lstm",
    "symbol": "XAUUSD",
    "lookback": 5
}