{
    "mse": {
        "mean": 30.220789892872773,
        "std": 12.6043398120107,
        "median": 36.70475857261124,
        "95_conf": [
            3.7327990737133296,
            38.50027910396206
        ]
    },
    "mae": {
        "mean": 2.1562735979725205,
        "std": 0.5312331874008446,
        "median": 2.3380372539180296,
        "95_conf": [
            0.9678503855590467,
            2.6829869371502566
        ]
    },
    "r2": {
        "mean": -0.07274151040890126,
        "std": 0.030212391051749825,
        "median": -0.06991591414789589,
        "95_conf": [
            -0.1145768880481925,
            -0.0037072114260468117
        ]
    },
    "directional_accuracy": {
        "mean": 0.5878947368421054,
        "std": 0.05105805722661442,
        "median": 0.5789473684210527,
        "95_conf": [
            0.4986842105263158,
            0.6842105263157895
        ]
    }
}