,count,mse,directional_accuracy
Normal,28,26.287579267774507,0.6071428571428571
