{
    "kelly_long": 0.05239446873101872,
    "kelly_short": 0,
    "kelly_combined": 0,
    "position_size_long": 0.02619723436550936,
    "position_size_short": 0.0,
    "position_size_combined": 0.0
}