{
    "correlation": {
        "value": -0.02164557030122327,
        "p_value": 0.9200333272899368,
        "significant": 